model,rmse,mae,r2
SARIMA,24302.433906048638,13564.282504741592,0.42128755652819017
XGBoost,24148.536228349265,14346.046448749543,0.4285938619539529
